-- phpMyAdmin SQL Dump
-- version 4.6.6
-- https://www.phpmyadmin.net/
--
-- Хост: 127.0.0.1:3306
-- Час створення: Квт 30 2019 р., 21:28
-- Версія сервера: 10.3.14-MariaDB-100.cba-log
-- Версія PHP: 7.1.28

SET SQL_MODE = "NO_AUTO_VALUE_ON_ZERO";
SET time_zone = "+00:00";


/*!40101 SET @OLD_CHARACTER_SET_CLIENT=@@CHARACTER_SET_CLIENT */;
/*!40101 SET @OLD_CHARACTER_SET_RESULTS=@@CHARACTER_SET_RESULTS */;
/*!40101 SET @OLD_COLLATION_CONNECTION=@@COLLATION_CONNECTION */;
/*!40101 SET NAMES utf8mb4 */;

--
-- База даних: `svyat_t`
--

-- --------------------------------------------------------

--
-- Структура таблиці `client`
--

CREATE TABLE `client` (
  `idClient` int(11) NOT NULL,
  `loginClient` varchar(45) NOT NULL,
  `passClient` varchar(45) NOT NULL,
  `nameClient` varchar(45) NOT NULL,
  `surnameClient` varchar(45) NOT NULL,
  `phoneClient` varchar(45) DEFAULT NULL,
  `emailClient` varchar(45) DEFAULT NULL,
  `balansClient` decimal(10,2) UNSIGNED DEFAULT NULL,
  `bornClient` date DEFAULT NULL,
  `seriaClient` varchar(45) DEFAULT NULL
) ENGINE=MyISAM DEFAULT CHARSET=utf8;

--
-- Дамп даних таблиці `client`
--

INSERT INTO `client` (`idClient`, `loginClient`, `passClient`, `nameClient`, `surnameClient`, `phoneClient`, `emailClient`, `balansClient`, `bornClient`, `seriaClient`) VALUES
(1, 'u1', 'ec6ef230f1828039ee794566b9c58adc', 'Святослав', 'Підгурський', '+380935365454', 'pidgurdkiy2000@gmail.com', '764.94', '1960-12-03', '901243'),
(2, 'u2', '1d665b9b1467944c128a5575119d1cfd', 'Тимофій', 'Крамарчук', '380633950105', 'panasuk.illa@desmo.ga', '764.09', '1987-01-21', '812532'),
(3, 'u3', '7bc3ca68769437ce986455407dab2a1f', 'Данило', 'Захарчук', '38(040)4533066', 'есаlisenko.galina@dmc-12.cf', '331.00', '1971-04-25', '235212'),
(4, 'u4', '13207e3d5722030f6c97d69b4904d39d', 'Артем', 'Лисенко', '+380960571866', 'есаlbrovarenko@damanik.ga', '899.00', '1970-12-23', '534231'),
(5, 'u5', 'ed92eff813a02a31a2677be0563a0739', 'Олексій', 'Шевчук', '+380967475906', 'wponomarcuk@baban.ml', '873.03', '2007-02-20', '364232'),
(6, 'u6', 'c6c27fc98633c82571d75dcb5739bbdf', 'Артем', 'Васильчук ', '0930296016', 'есаvalentin.ponoma@wongndeso.gq', '655.00', '1996-04-25', '562609'),
(7, 'u7', '46d46a759bf6cbed05d7bcdcb911a4f8', 'Ольга', 'Шинкаренко', '+380670975895', 'есаantonenko.danil@logatarita947.tk', '899.00', '1979-12-18', '298621'),
(8, 'u8', '2e3f209d4f2bb34667dde08e3c9585f1', 'Дар\'я', 'Василенко ', '+380938649698', 'uzaharcuk@saab9-4x.ml', '566.00', '1990-02-20', '643120'),
(9, 'u9', '03d59e663c1af9ac33a9949d1193505a', 'Петро', 'Трабідо', NULL, 'some@email.com', '37807.00', '1988-03-25', '765431');

-- --------------------------------------------------------

--
-- Структура таблиці `dev`
--

CREATE TABLE `dev` (
  `idDev` int(11) NOT NULL,
  `nameDev` varchar(45) DEFAULT NULL,
  `dateDev` date DEFAULT NULL,
  `profitDev` decimal(10,0) DEFAULT NULL,
  `mansDev` int(11) DEFAULT NULL,
  `descDev` varchar(255) DEFAULT NULL
) ENGINE=MyISAM DEFAULT CHARSET=utf8;

--
-- Дамп даних таблиці `dev`
--

INSERT INTO `dev` (`idDev`, `nameDev`, `dateDev`, `profitDev`, `mansDev`, `descDev`) VALUES
(1, 'Ubisoft', '1986-01-01', '3158000000', 6010, 'французская компания, специализирующаяся на разработке и издании компьютерных игр, главный офис которой располагается в Монтрёй, Франция. Компания включает в себя студии в более чем 20 странах, среди них США, Канада, Испания, Китай, Германия, Россия, Болг'),
(2, '2K Czech', '1997-01-01', '58000000', 150, 'Чеський розробник відеоігор, розташований у Брно. Заснована компанією Illusion Softworks Петром Вочочкою в серпні 1997 року, компанія була придбана компанією Take-Two Interactive у січні 2008 року, а потім була організована під етикеткою 2K Games, яка ста'),
(3, 'Rockstar Games', '1998-01-01', '8462000000', 8742, 'американським видавцем відеоігор у Нью-Йорку. Компанія була заснована в грудні 1998 року як дочірня компанія Publishing до Take-Two Interactive, і як правонаступник компанії BMG Interactive видавництво Take-Two Interactive, яке активно займається відеоігр'),
(4, 'Valve', '1996-01-01', '3040120000', 3820, 'є американською розробником відеоігор та цифровою дистриб\'юторською компанією зі штаб-квартирою в Белвью, штат Вашингтон. Компанія відома своєю платформою розповсюдження програмного забезпечення Steam і Half-Life, Counter-Strike, порталом, Днем поразки, T'),
(5, 'Electronic Arts', '1982-05-27', '4060000000', 8800, 'Electronic Arts Inc. (EA) - американська відеоігор компанія зі штаб-квартирою в місті Редвуд-Сіті, штат Каліфорнія. Заснована і зареєстрована 28 травня 1982 р. Компанією Trip Hawkins, компанія була піонером ранньої індустрії комп\'ютерних ігор в області до'),
(6, 'Firaxis Games', '1996-05-01', '1176000000', 240, 'Firaxis Games, Inc. - американський розробник відеоігор в м. Спаркс (штат Меріленд). Компанія була заснована в травні 1996 року Сидом Мейєром, Джеффом Бріггсом та Брайаном Рейнолдсом, після їхнього відходу від MicroProse, попереднього підприємства Мейера.'),
(7, 'Bethesda Softworks', '1986-06-28', '2500000000', 1500, 'ZeniMax Media Inc. - американська медіакомпанія. Компанія відома тим, що володіє Arkane Studios (розробник Dishonored і Prey), BattleCry Studios (розробник BattleCry), id Software (розробник серії Doom і Quake, Rage), MachineGames (розробник Wolfenstein: '),
(8, 'BioWare', '1995-02-01', '843886500', 800, 'BioWare - це розробник відеопрограм у Канаді, розташована в місті Едмонтон, штат Альберта, Канада. Вона була заснована в лютому 1995 р. Нещодавно закінченими лікарями Рей Музикою, Грегом Цещуком та Августином Іппом, і в даний час вона належить американськ'),
(9, 'Creative Assembly', '1987-08-18', '9098765', 540, 'Creative Assembly - британський розробник відеоігор, створений у 1987 році, розташований у місті Хоршем, штат Вест-Сассекс. У перші роки компанія працювала над портуванням ігор на MS-DOS від платформ Amiga і ZX Spectrum, пізніше працюючи з Electronic Arts'),
(10, 'SCS Software', '1997-01-01', '5042357', 80, 'SCS Software s.r.o. is a Czech video game development company based in Prague, Czech Republic. It primarily produces simulation games for Microsoft Windows, OS X, and Linux, including the 18 Wheels of Steel and Truck Simulator series.'),
(11, 'Avalanche Studios', '2003-03-01', '543346800', 250, 'Компанія Fatalist Development AB, що займається бізнесом в \'Лавина Студії\', є розробником відеоігор, яка розташована в Стокгольмі, Швеція. Він був заснований у березні 2003 року Хрістоферсом Сандбергом та Лінусом Бломбергом. Лавина Студії зосереджується н'),
(12, 'Crystal Dynamics', '1992-08-08', '76565490', 300, 'Crystal Dynamics, Inc. - американський розробник відеоігор, заснований у 1992 році Джуді Ланг, Мадлен Канепа та Дейв Морс. Заснована в районі затоки Сан-Франциско, вона була придбана компанією Eidos Interactive у 1998 році. Після придбання Square Enix в 2');

-- --------------------------------------------------------

--
-- Структура таблиці `game`
--

CREATE TABLE `game` (
  `idGame` int(11) NOT NULL,
  `nameGame` varchar(45) DEFAULT NULL,
  `releasedGame` date DEFAULT NULL,
  `ratingGame` decimal(2,1) DEFAULT NULL,
  `onlineGame` bit(1) DEFAULT NULL,
  `ageGame` int(11) DEFAULT NULL,
  `platformsGame` set('Xbox','PC','Play Station','Nintendo','Linux','Other') DEFAULT NULL,
  `descGame` text DEFAULT NULL,
  `priceDayGame` decimal(4,2) UNSIGNED NOT NULL,
  `imageGame` varchar(50) DEFAULT NULL
) ENGINE=MyISAM DEFAULT CHARSET=utf8;

--
-- Дамп даних таблиці `game`
--

INSERT INTO `game` (`idGame`, `nameGame`, `releasedGame`, `ratingGame`, `onlineGame`, `ageGame`, `platformsGame`, `descGame`, `priceDayGame`, `imageGame`) VALUES
(1, 'Grand Theft Auto. San Andreas', '2004-10-26', '9.1', b'0', 18, 'Xbox,PC,Play Station,Other', 'is an action-adventure video game developed by Rockstar North and published by Rockstar Games. It was released on 26 October 2004 for PlayStation 2, and on 7 June 2005 for Microsoft Windows and Xbox. A high definition remastered version received a physica', '10.99', 'gta.jpg'),
(2, 'Half Life', '1998-11-19', '9.3', b'0', 16, 'PC,Play Station', 'Научно-исследовательский комплекс «Чёрная Меза» является секретной правительственной лабораторией, проводящей сверхсекретные и невероятно опасные эксперименты с объектами, о которых лучше и не знать. Игрок выступает в роли Гордона Фримена, одного из работ', '9.89', 'half_life.jpg'),
(3, 'Far Cry 3', '2012-11-29', '9.0', b'1', 16, 'Xbox,PC,Play Station', 'События Far Cry 3 развиваются на безумных тропических островах, где главный герой оказывается в очень сложной ситуации. Надо не только спастись от безумных жителей островов, но и попытаться выручить своих товарищей, попавших в плен. Естественно, если не с', '12.99', 'far_cry_3.jpg'),
(4, 'Mafia 2', '2010-08-24', '8.0', b'0', 18, 'Xbox,PC,Play Station', 'Mafia II - це відкрита гра-відео-пригода, розроблена 2K Czech та опублікована 2K Games. Він був випущений в серпні 2010 року для PlayStation 3, Xbox 360 і Microsoft Windows; [1] [2] порт OS X під назвою Mafia II: Director\'s Cut був випущений Feral Interac', '11.60', 'mafia_2.jpg'),
(5, 'The Sims 4', '2013-05-06', '7.0', b'1', 16, 'Xbox,PC,Play Station', 'The Sims 4 – новая глава в серии популярных симуляторов жизни The Sims. В этой части разработчики еще больше подчеркнули индивидуальность и многогранность персонажей, тем самым обеспечив более тесную связь пользователя с героями игры. Новые инструменты по', '3.99', 'sims_4.png'),
(6, 'Civilization VI', '2016-10-01', '8.0', b'1', 14, 'Xbox,PC,Play Station,Linux', 'Sid Meier’s Civilization VI – глобальная пошаговая стратегия, посвященная празднованию 25-тилетнего юбилея серии Sid Meier’s Civilization. Игра предлагает создавать самые величественные империи, вести активные исследования, которые помогут развить вашу ци', '8.88', 'civilization.jpg'),
(7, 'Fallout 4', '2015-11-10', '8.4', b'0', 14, 'Xbox,PC,Play Station', 'Fallout 4 – очередная часть в популярной серии ролевых игр Fallout, действие которой развивается в постапокалиптическом мире, разрушенном ядерной войной. Вы единственный кто выжил из убежища 111, и именно от вас зависит судьба пустошей. Впереди вас ждет п', '9.55', 'fallout_4.jpg'),
(8, 'Mass Effect: Andromeda', '2017-03-01', '7.0', b'0', 14, 'Xbox,PC,Play Station', 'Mass Effect: Andromeda - це рольова гра, розроблена компанією BioWare і опублікована Electronic Arts для Microsoft Windows, PlayStation 4 та Xbox One. Випущений у всьому світі в березні 2017 року, це четвертий основний запис у серії Mass Effect і перший з', '10.99', 'mass.jpg'),
(9, 'Total War: Rome II', '2013-09-03', '8.0', b'1', 16, 'Xbox,PC,Play Station,Linux', 'Total War: Rome II [5] - стратегічна гра, розроблена The Creative Assembly і опублікована Sega. Він був випущений 3 вересня 2013 року для Microsoft Windows [6] і є восьмий автономною грою в серії відеозаходів Total War. Рим II є наступником ігор 2004 року', '7.89', 'rome.jpg'),
(10, 'Euro Truck Simulator 2', '2012-10-19', '8.0', b'0', 6, 'PC,Linux,Other', 'Euro Truck Simulator 2 (зазвичай скорочено ETS2) - це симуляція автомобіля, розроблена та опублікована SCS Software для Microsoft Windows, Linux та OS X, і була випущена як відкрита розробка 19 жовтня 2012 року. Гра є прямим продовженням 2008 року гра Euro Truck Simulator і це друга відеогра в серії Truck Simulator. Гравець може керувати одним з вибору зчленованих вантажівок через зображення Європи, підбираючи вантаж з різних місць і доставляючи їх. По мірі прогресу, гравець може придбати більше транспортних засобів, депо, а також найняти інших водіїв для роботи на них. ', '4.99', 'truck.jpg'),
(11, 'Mad Max', '2015-09-01', '8.0', b'0', 18, 'Xbox,PC,Play Station,Linux,Other', 'Божевільний Макс - це відео-гра з акціями-пригодами на основі франшизи Mad Max. Розроблений студіями Avalanche і опублікований Warner Bros. Interactive Entertainment, він був випущений для Microsoft Windows, PlayStation 4 та Xbox One у вересні 2015 року. Feral Interactive опублікував версії гри OS X і Linux.', '8.99', 'max.jpg'),
(12, 'Rise of the Tomb Raider', '2016-12-09', '9.0', b'1', 16, 'Xbox,PC,Play Station,Linux', 'Rise of the Tomb Raider - це відео-гра, розроблена компанією Crystal Dynamics та опублікована Square Enix. Це продовження гри-гейм-гравець відео-гри 2013 року, перезавантаження однотипної франшизи. Він був випущений для Xbox One і Xbox 360 у листопаді 2015 року та для Microsoft Windows у січні 2016 року. Спеціальний випуск гри під назвою Rise of the Tomb Raider: 20 Year Celebration був випущений для PlayStation 4 та Xbox One [1] в жовтні 2016 року. Початок 20-річчя MacOS та Linux будуть випущені в Q1 / Q2 2018.', '12.89', 'tomb.jpg'),
(13, 'Spintires', '2014-07-13', '8.0', b'1', 6, 'PC', 'Spintires - це позашляховий симуляційна відеоігра, розроблена Павлом Загребельним [1] і опублікована видавництвом Великобританії Oovee [2]. У Spintires, гравці беруть на себе контроль над позашляховиками та ведуть їх через брудну дорожню смугу для досягнення цілей. Гра була випущена 13 червня 2014 року, і з тих пір вона продала більше одного мільйона примірників. Розпочата гра, названа MudRunner, була випущена 30 жовтня 2017 року', '8.99', 'spintires.jpg');

-- --------------------------------------------------------

--
-- Структура таблиці `game_dev`
--

CREATE TABLE `game_dev` (
  `idGame_dev` int(11) NOT NULL,
  `game_idGame` int(11) NOT NULL,
  `dev_idDev` int(11) NOT NULL
) ENGINE=MyISAM DEFAULT CHARSET=utf8;

--
-- Дамп даних таблиці `game_dev`
--

INSERT INTO `game_dev` (`idGame_dev`, `game_idGame`, `dev_idDev`) VALUES
(1, 1, 3),
(2, 2, 4),
(3, 3, 1),
(4, 4, 2),
(5, 5, 5),
(6, 6, 6),
(7, 7, 7),
(8, 8, 8),
(9, 9, 9),
(12, 11, 11),
(13, 10, 10),
(16, 13, 4),
(17, 12, 9),
(18, 4, 5);

-- --------------------------------------------------------

--
-- Структура таблиці `game_genre`
--

CREATE TABLE `game_genre` (
  `idGame_genre` int(11) NOT NULL,
  `game_idGame` int(11) NOT NULL,
  `genre_idGenre` int(11) NOT NULL
) ENGINE=MyISAM DEFAULT CHARSET=utf8;

--
-- Дамп даних таблиці `game_genre`
--

INSERT INTO `game_genre` (`idGame_genre`, `game_idGame`, `genre_idGenre`) VALUES
(1, 1, 1),
(2, 2, 1),
(3, 3, 1),
(4, 4, 1),
(5, 5, 4),
(6, 6, 2),
(7, 8, 1),
(8, 8, 3),
(9, 9, 2),
(10, 7, 1),
(11, 7, 3),
(12, 10, 4),
(13, 11, 1),
(15, 11, 5),
(16, 11, 3),
(17, 3, 5),
(18, 10, 6),
(19, 1, 5),
(21, 4, 5),
(22, 12, 1),
(23, 12, 3),
(24, 13, 4),
(25, 13, 6),
(26, 2, 3);

-- --------------------------------------------------------

--
-- Структура таблиці `game_hero`
--

CREATE TABLE `game_hero` (
  `idGame_hero` int(11) NOT NULL,
  `game_idGame` int(11) NOT NULL,
  `hero_idHero` int(11) NOT NULL
) ENGINE=MyISAM DEFAULT CHARSET=utf8;

--
-- Дамп даних таблиці `game_hero`
--

INSERT INTO `game_hero` (`idGame_hero`, `game_idGame`, `hero_idHero`) VALUES
(1, 1, 16),
(2, 1, 1),
(3, 2, 8),
(4, 2, 7),
(5, 3, 3),
(6, 3, 2),
(7, 4, 4),
(8, 4, 5),
(9, 4, 6),
(11, 5, 10),
(12, 5, 9),
(13, 6, 11),
(14, 7, 13),
(15, 7, 12),
(16, 8, 14),
(17, 9, 15),
(18, 10, 17),
(19, 13, 17),
(20, 11, 18),
(21, 11, 19),
(22, 12, 20),
(23, 12, 21),
(24, 12, 22);

-- --------------------------------------------------------

--
-- Структура таблиці `game_rent`
--

CREATE TABLE `game_rent` (
  `idGame_rent` int(11) NOT NULL,
  `game_idGame` int(11) NOT NULL,
  `client_idClient` int(11) NOT NULL,
  `dateInRent` date NOT NULL,
  `dateOutRent` date NOT NULL,
  `dateRealRent` date DEFAULT NULL
) ENGINE=MyISAM DEFAULT CHARSET=utf8;

--
-- Дамп даних таблиці `game_rent`
--

INSERT INTO `game_rent` (`idGame_rent`, `game_idGame`, `client_idClient`, `dateInRent`, `dateOutRent`, `dateRealRent`) VALUES
(1, 1, 1, '2017-03-15', '2017-03-24', '2017-03-24'),
(2, 1, 2, '2018-02-17', '2018-02-26', '2018-02-26'),
(3, 2, 1, '2017-06-25', '2018-01-25', '2018-01-25'),
(4, 3, 3, '2017-11-25', '2017-12-25', '2017-12-25'),
(5, 4, 4, '2018-02-25', '2018-03-01', '2018-03-02'),
(6, 3, 9, '2018-03-25', '2018-03-29', '2018-03-29'),
(7, 6, 7, '2018-03-25', '2018-05-30', '2018-06-07'),
(9, 5, 9, '2018-02-25', '2018-05-30', '2018-06-01'),
(10, 5, 9, '2018-03-20', '2018-05-30', '2018-05-30'),
(11, 7, 9, '2018-03-28', '2019-01-01', '2019-01-01'),
(12, 7, 9, '2017-12-25', '2018-06-04', '2018-06-04'),
(13, 2, 3, '2018-03-25', '2018-03-30', '2018-03-30'),
(14, 8, 3, '2018-01-25', '2018-06-04', '2018-06-04'),
(15, 1, 6, '2018-03-27', '2018-04-27', '2018-03-29'),
(16, 1, 7, '2018-02-27', '2018-05-13', '2018-05-13'),
(17, 1, 2, '2018-02-27', '2018-03-30', '2018-03-30'),
(18, 3, 8, '2018-03-23', '2018-04-01', '2018-04-01'),
(19, 8, 7, '2018-02-23', '2018-03-01', '2018-03-14'),
(20, 3, 4, '2018-01-23', '2018-02-01', '2018-02-11'),
(23, 4, 7, '2017-12-28', '2018-01-16', '2018-01-25'),
(25, 13, 2, '2018-03-31', '2018-04-10', '2018-04-10'),
(26, 13, 2, '2018-03-31', '2018-04-10', '2018-04-10'),
(27, 13, 2, '2018-04-26', '2018-04-30', '0000-00-00'),
(28, 13, 2, '2018-04-26', '2018-04-30', '2018-04-30'),
(29, 4, 2, '2018-04-29', '2018-05-16', '2018-05-16'),
(30, 8, 2, '2018-04-29', '2018-05-16', '2018-05-16'),
(31, 4, 2, '2018-04-29', '2018-05-16', '2018-05-16'),
(32, 11, 2, '2018-04-29', '2018-05-16', '2018-05-16'),
(33, 8, 2, '2018-04-30', '2018-05-02', '2018-05-02'),
(34, 8, 2, '2018-04-30', '2018-05-02', '2018-05-02'),
(35, 3, 2, '2018-04-30', '2018-05-05', '2018-05-05'),
(36, 12, 2, '2018-04-30', '2018-05-04', '2018-05-04'),
(0, 11, 1, '2018-09-27', '2018-09-29', '2018-09-29');

-- --------------------------------------------------------

--
-- Структура таблиці `genre`
--

CREATE TABLE `genre` (
  `idGenre` int(11) NOT NULL,
  `nameGenre` varchar(45) DEFAULT NULL,
  `descGenre` varchar(100) DEFAULT NULL
) ENGINE=MyISAM DEFAULT CHARSET=utf8;

--
-- Дамп даних таблиці `genre`
--

INSERT INTO `genre` (`idGenre`, `nameGenre`, `descGenre`) VALUES
(1, 'Екшн', 'жанр відеоігор, який вимагає від гравця певних фізичних зусиль, таких як швидкості реакції та здібно'),
(2, 'Стратегія', 'Сенс стратегічних ігор полягає в плануванні дій та виробленні певної стратегії для досягнення якоїсь'),
(3, 'Рольова гра', 'Гравець асоціюється з конкретним персонажем або лідером команди, які діють відповідно до правил свої'),
(4, 'Симулятор', 'В широкому розумінні всі ігри є симуляторами. У вужчому значенні це відеоігри, призначені для склада'),
(5, 'Open world', 'В пригодницьких відеоіграх гравець керує ігровим персонажем, який рухається по сюжету та виконує зум'),
(6, 'Перегони', 'Перего́ни — це жанр відеоігор, в іграх якого гравець бере участь у перегонах на будь-якому виді тран');

-- --------------------------------------------------------

--
-- Структура таблиці `hero`
--

CREATE TABLE `hero` (
  `idHero` int(11) NOT NULL,
  `nameHero` varchar(45) DEFAULT NULL,
  `genderHero` enum('Ч','Ж') DEFAULT NULL,
  `roleHero` varchar(50) DEFAULT NULL,
  `descHero` text DEFAULT NULL
) ENGINE=MyISAM DEFAULT CHARSET=utf8;

--
-- Дамп даних таблиці `hero`
--

INSERT INTO `hero` (`idHero`, `nameHero`, `genderHero`, `roleHero`, `descHero`) VALUES
(1, 'Карл Джонсон «CJ»', 'Ч', 'Член банди', 'Кендл Джонсон є сестрою лідерів банди \"Гроув стріт фемеліс\" Карла і Шона Джонсонів, а також померлого Браяна Джонсона. Вона має хлопця-латиноамериканця з банди \"Варріо Лос Ацтекас\" на ім\'я Цезар Віальпандо. Кендл має великий підприємницький талант та лідерські якості. На відміну від братів, для яких кримінальна діяльність є необхідною для виживання, вона могла би себе гарно реалізувати у законній діяльності, особливо у бізнесі.'),
(2, 'Джейсон Броді', 'Ч', 'Виживший турист', 'протагонист Far Cry 3. Джейсон был схвачен пиратами в плен вместе со своими друзьями после прыжка с парашютом над островами Рук, однако ему удалось сбежать из плена, после чего он начинает своё путешествие по острову в поисках друзей.'),
(3, 'Ваас Монтенеґро', 'Ч', 'Лідер піратів, психопат і наркоман', 'второстепенный антагонист Far Cry 3, психопат и наркоман, живущий на Северном острове Рук и работающий на Хойта Волкера. Является лидером пиратов.'),
(4, 'Вито Скалетта', 'Ч', 'Мафіозі, солдат', 'основной протагонист игры «Mafia Ⅱ» и один из ключевых персонажей «Mafia Ⅲ». Как и его друг Джо Барбаро, тоже является мафиози. В третьей части игры становится одним из «лейтенантов» Линкольна и возглавляет фракцию итальянцев.'),
(5, 'Джозеф «Джо» Барбаро', 'Ч', 'Злочинець', 'один из главных героев игры «Mafia Ⅱ» и главный герой «Joe’s Adventures», лучший друг Вито Скалетты. профессиональный преступник и закадычный друг Вито Скалетты. Наглый и непредсказуемый, Джо, кажется, способен устроить проблемы из ничего.'),
(6, 'Леонардо «Лео» Галанте', 'Ч', 'Голова мафії', 'один из ключевых персонажей игры «Mafia Ⅱ». Консильери в семье Фрэнка Винчи. Лео Галанте родился на Сицилии в 1887 году. Вырос Лео вместе со своим лучшим другом Фрэнком Винчи. Парни всё всегда делали вместе. Когда обоим стукнуло по 20, они решили переехать в Америку, где Галанте начал тренироваться и принимать участие в боях за деньги, Винчи же начал устраиваться в «круг» мафии. '),
(7, 'Гордон Фримен', 'Ч', 'Головний протесту цитаделі', 'вымышленный персонаж, главный герой серии игр Half-Life. Имеет учёную степень доктора философии (западный аналог кандидата наук) в области теоретической физики, присужденную ему Массачусетским технологическим институтом (MIT). Работая физиком-теоретиком в научно-исследовательском центре «Чёрная Меза», участвовал при проведении эксперимента над аномальными материалами (англ. anomalous materials), вместе с учёными Айзеком Кляйнером, Илаем Вэнсом и Арнольдом Магнуссоном. В ходе эксперимента произошла ошибка, открывшая межпространственные врата в параллельный мир Зен и положившая начало вторжению на Землю населяющих его обитателей.'),
(8, 'Аликс Вэнс', 'Ж', 'Помічник, технарь', 'персонаж компьютерной игры Half-Life 2, а также её продолжений — Episode One и Episode Two. Аликс является одним из главных неигровых персонажей: она принимает участие в большинстве основных игровых событий Half-Life 2 и сопровождает игрока в нескольких её моментах, а также почти полностью проходит вместе с ним первый и второй эпизоды. Аликс является дочерью Илая Вэнса, командующего Сопротивлением, и вместе с ним и другими персонажами возглавляет эту организацию, противостоящую Альянсу.'),
(9, 'Белла Гот', 'Ж', 'Жіноча роль у грі', ' персонаж, присутствующий во всех играх серии The Sims. Она является дочерью Шимуса и Джокасто Холостякки, сестрой Майкла Холостякки, женой Мортимера Гота и матерью Кассандры и Александра Гот.'),
(10, 'Мортимер Гот', 'Ч', 'Чоловіча роль', 'персонаж, присутствующий в играх The Sims, The Sims на консолях, The Sims Bustin\' Out, The Sims 2, The Sims 3 и The Sims 4.'),
(11, 'Скіфія', 'Ч', 'Військова нація', 'скіфи орієнтуються на війну, тому їхні війська мають переваги проти поранених ворогів, а самі швидко лікуються після перемог. Вони можуть створювати лучників і кінноту в подвійній кількості, а унікальний вершник сакі може бути найнятий одразу без наявності коней. Кургани скіфів приносять прибутки і укріплюють віру, особливо біля пасовищ.'),
(12, 'Выживший', 'Ч', '\"Майстер на всі руки\"', 'Протагонист Fallout 4. В зависимости от выбранного игроком пола персонажа это может быть либо ветеран военных действий в отставке[5], служивший во 2-м батальоне 108-го пехотного полка армии США[6], либо адвокат.'),
(13, 'Нора', 'Ж', 'Помічниця у бункері', ' персонаж Fallout 4, возможный протагонист игры, жена Нейта/Выжившего. Женщина-адвокат[1], имеющая юридическое образование, выпускница «Suffolk County School of Law». Во время военного конфликта между США и Китаем Нора встречается с Нейтом, военным, с которым она знакома с 2076 года[2]. После того, как Нора родила Шона в 2077 году, Нейт увольняется с военной службы и женится на ней.'),
(14, 'Райдер', 'Ч', 'Солдат', 'протагонист игры Mass Effect: Andromeda. Изначально занимает должность специалиста разведки, но позднее становится Первопроходцем Ковчега людей. В отличие от капитана Шепард(а), Райдеров двое — брат и сестра.'),
(15, 'Герои Спарты', 'Ч', 'Військо', 'отряд в Total War: Rome II. Спартанцев с семи лет готовили к жизни воинов, и все свое время они посвящали военным упражнениям. Неудивительно, что спартанцы были великолепно вымуштрованны и прекрасно владели оружием. Тот, кто оставлял щит на поле битвы, считался преступником: если панцирь и шлем защищали самого война, то щит - всю флангу. По боевой дисциплине и организации спартанцы превосходили большинство греческих фаланг. '),
(16, 'Big Smoke', 'Ч', 'Голва банди', 'Мелвін Харріс, більш відомий як Big Smoke, є персонажем у серії Grand Theft Auto, який постає як головний герой і вторинний антагоніст Grand Theft Auto: San Andreas.'),
(17, 'Driver', 'Ч', 'Водій', 'Водій '),
(18, 'Макс Рокатански', 'Ч', 'Божевільний!', '\'Божевільний\' Макс Рокатанскі - головний герой культової серії фільмів \'Божевільний Макс\' режисера Джорджа Міллера і перезапуску вийшов в 2015 році. Головну роль в орігенальной трилогії грає актор Мел Гібсон, в перезапуску його роль зіграв Том Харді.'),
(19, 'Несмертный Джо', 'Ч', 'Супер злочинець', 'Полковник Джо Мур, більш відомий як Несмертний Джо - головний антагоніст фільму Божевільний Макс: Дорога люті. Він також є владикою Цитаделі і лідером воїнів напіврозпаду. Актор, який грав Несмертного Джо, зіграв в першому фільмі Різника'),
(20, 'Лара Крофт', 'Ж', 'Археолог, спортсмен', 'Лара Крофт – главная героиня культовой франшизы, археолог, выпускница Университетского колледжа Лондона.'),
(21, 'Константин', 'Ч', 'Військовий командир', 'Константин – лидер восточноевропейского подразделения вооруженных сил Троицы, командир операции в Сибири. Главный антагонист игры.'),
(22, 'Иона Маиава', 'Ж', 'Помічник археолог', 'Иона Маиава – бывший корабельный кок, путешественник и близкий друг Лары Крофт. Второстепенный персонаж перезапущенной серии Tomb Raider.');

/*!40101 SET CHARACTER_SET_CLIENT=@OLD_CHARACTER_SET_CLIENT */;
/*!40101 SET CHARACTER_SET_RESULTS=@OLD_CHARACTER_SET_RESULTS */;
/*!40101 SET COLLATION_CONNECTION=@OLD_COLLATION_CONNECTION */;
